model_name,model_size_b,dataset_name,module_name,module_short,module_role,module_class,module_leaf,layer_idx,num_layers_hint,normalized_depth,candidate_format,seeds,n_labeled_seeds,baseline_loss_mean,perturbed_loss_mean,perturbation_delta_mean,perturbation_delta_min,perturbation_delta_max,mean_abs_delta,max_abs_delta,std_abs_delta,max_batch_loss_delta_abs,safe_rate,safe_seed_count,label_count,safe_all_seeds_int,activation_outlier_score_mean,activation_outlier_score_max,input_outlier_score_mean,input_outlier_score_max,output_outlier_score_mean,output_outlier_score_max,int8_rel_mse_mean,int8_rel_mse_max,input_int8_rel_mse_mean_mean,input_int8_rel_mse_mean_max,output_int8_rel_mse_mean_mean,output_int8_rel_mse_mean_max,output_int4_rel_mse_mean_mean,output_int4_rel_mse_mean_max,output_int8_saturation_mean_mean,output_int8_saturation_mean_max,output_int4_saturation_mean_mean,output_int4_saturation_mean_max,safe_threshold,safe_all_seeds,safe_majority,unsafe_all_seeds,unsafe_any_seed,conservative_rescue_target,activation_outlier_score_agg,int8_rel_mse_agg
Qwen/Qwen2.5-0.5B,0.5,tatsu-lab/alpaca,base_model.model.lm_head,base_model.model.lm_head,logits,Linear,lm_head,,24,,fake_int8_output,"42,43,44",3,2.18266287446,2.18549152215,0.002828647692998667,0.000936567783356,0.00498601794243,0.002828647692998667,0.00498601794243,0.00203771830020614,0.0176393985748,1.0,3,3,1,19.7349472046,19.8866863251,19.7349472046,19.8866863251,7.7459359169,8.35782432556,0.0018560137104966668,0.00190445838962,0.0018560137104966668,0.00190445838962,0.00023569154412433335,0.000248579290201,0.0759420582714,0.0797698684037,1.00268323422e-06,1.00268323422e-06,2.9662712250899998e-06,3.13338507851e-06,0.005,1,1,0,0,0,19.8866863251,0.00190445838962
Qwen/Qwen2.5-0.5B,0.5,tatsu-lab/alpaca,base_model.model.model.layers.2.mlp.down_proj,layers.2.mlp.down_proj,mlp_projection,Linear,down_proj,2.0,24,0.0869565217391,fake_int8_output,"42,43,44",3,2.18266287446,2.5525459945199995,0.36988312005999996,0.222770959139,0.463044792414,0.36988312005999996,0.463044792414,0.12890256068685804,1.28692173958,0.0,0,3,0,909.6824544269999,909.702819824,909.6824544269999,909.702819824,661.5279947916666,661.58392334,0.015970443802266667,0.0160659895046,0.003131366383363333,0.00317894975888,0.015970443802266667,0.0160659895046,0.04671703775723333,0.0468095955439,2.17982710637e-06,2.17982710637e-06,2.17982710637e-06,2.17982710637e-06,0.005,0,0,1,1,1,909.702819824,0.0160659895046
Qwen/Qwen2.5-0.5B,0.5,tatsu-lab/alpaca,base_model.model.model.layers.21.mlp.down_proj,layers.21.mlp.down_proj,mlp_projection,Linear,down_proj,21.0,24,0.913043478261,fake_int8_output,"42,43,44",3,2.18266287446,2.4491627812366663,0.26649990677833335,0.185643613338,0.327122539282,0.26649990677833335,0.327122539282,0.07287744779931549,0.459856629372,0.0,0,3,0,776.4883219403333,779.88079834,776.4883219403333,779.88079834,585.7137451173334,590.165649414,0.10618074145166667,0.107701626606,0.047205712025366664,0.0476584616117,0.10618074145166667,0.107701626606,0.27266487851733334,0.28189972043,2.17982710637e-06,2.17982710637e-06,2.17982710637e-06,2.17982710637e-06,0.005,0,0,1,1,1,779.88079834,0.107701626606
Qwen/Qwen2.5-0.5B,0.5,tatsu-lab/alpaca,base_model.model.model.layers.22.mlp.gate_proj,layers.22.mlp.gate_proj,mlp_projection,Linear,gate_proj,22.0,24,0.95652173913,fake_int8_output,"42,43,44",3,2.18266287446,2.1835388541233334,0.0008759796619413332,-0.00101554393768,0.00344422459602,0.001553008953728,0.00344422459602,0.0016879286132981811,0.00739169120789,1.0,3,3,1,15.5331331889,16.9301338196,15.5331331889,16.9301338196,11.184930165633332,12.0676555634,0.0009098160250386667,0.000995358466753,0.0009098160250386667,0.000995358466753,0.0005503536061343333,0.000573707555304,0.18032385843499998,0.187549224123,1.6563810163466668e-06,2.10812129353e-06,0.00012196987538933334,0.000146665011016,0.005,1,1,0,0,0,16.9301338196,0.000995358466753
Qwen/Qwen2.5-0.5B,0.5,tatsu-lab/alpaca,base_model.model.model.layers.22.mlp.up_proj,layers.22.mlp.up_proj,mlp_projection,Linear,up_proj,22.0,24,0.95652173913,fake_int8_output,"42,43,44",3,2.18266287446,2.1812508602933334,-0.0014120141665133331,-0.00423085689545,0.00148588418961,0.002402603626253333,0.00423085689545,0.0015833158986344664,0.0118894577026,1.0,3,3,1,15.5331331889,16.9301338196,15.5331331889,16.9301338196,10.311576525363334,11.0388936996,0.0009098160250386667,0.000995358466753,0.0009098160250386667,0.000995358466753,0.0004250211144,0.000446532238129,0.139675712213,0.146789856255,1.8069611087433336e-06,2.25870138593e-06,0.00010585780519996667,0.00013220932351,0.005,1,1,0,0,0,16.9301338196,0.000995358466753
Qwen/Qwen2.5-0.5B,0.5,tatsu-lab/alpaca,base_model.model.model.layers.23.mlp.gate_proj,layers.23.mlp.gate_proj,mlp_projection,Linear,gate_proj,23.0,24,1.0,fake_int8_output,"42,43,44",3,2.18266287446,2.18379727006,0.0011343955993666668,-0.00354170799255,0.00483241677284,0.0034955342610666668,0.00483241677284,0.0013605571351060044,0.0171151161194,1.0,3,3,1,12.231616973899998,12.7684822083,12.231616973899998,12.7684822083,10.364306449866667,10.4230766296,0.0006991908861286667,0.000709800391633,0.0006991908861286667,0.000709800391633,0.0005298693273896667,0.000534400161996,0.184549878662,0.187567571178,1.9073478370066665e-06,1.95754120114e-06,0.000125834762912,0.000131456419695,0.005,1,1,0,0,0,12.7684822083,0.000709800391633
Qwen/Qwen2.5-0.5B,0.5,tatsu-lab/alpaca,base_model.model.model.layers.23.mlp.up_proj,layers.23.mlp.up_proj,mlp_projection,Linear,up_proj,23.0,24,1.0,fake_int8_output,"42,43,44",3,2.18266287446,2.18580529094,0.0031424164772066664,0.00077161192894,0.006991147995,0.0031424164772066664,0.006991147995,0.003362864599518687,0.0117784738541,0.6666666666666666,2,3,0,13.816622734066668,14.7901926041,12.231616973899998,12.7684822083,13.816622734066668,14.7901926041,0.0008479471337826666,0.000895745040907,0.0006991908861286667,0.000709800391633,0.0008479471337826666,0.000895745040907,0.24513109649233333,0.254652388394,1.75676774461e-06,2.10812129353e-06,0.00010676128480689999,0.000125884956844,0.005,0,1,0,1,1,14.7901926041,0.000895745040907
Qwen/Qwen2.5-0.5B,0.5,tatsu-lab/alpaca,base_model.model.model.layers.3.mlp.down_proj,layers.3.mlp.down_proj,mlp_projection,Linear,down_proj,3.0,24,0.130434782609,fake_int8_output,"42,43,44",3,2.18266287446,2.40352910757,0.22086623311066667,0.149062216282,0.297203242779,0.22086623311066667,0.297203242779,0.07417446967090204,0.390293598175,0.0,0,3,0,906.2406005859999,906.455688477,906.2406005859999,906.455688477,661.8871459963333,661.971801758,0.017075077320133334,0.0171105987392,0.011326843639833334,0.011444002972,0.017075077320133334,0.0171105987392,0.040436305416133335,0.0404715533368,2.17982710637e-06,2.17982710637e-06,2.17982710637e-06,2.17982710637e-06,0.005,0,0,1,1,1,906.455688477,0.0171105987392
Qwen/Qwen2.5-0.5B,0.5,tatsu-lab/alpaca,base_model.model.model.layers.4.input_layernorm,layers.4.input_layernorm,norm,Qwen2RMSNorm,input_layernorm,4.0,24,0.173913043478,fake_int8_output,"42,43,44",3,2.18266287446,2.1760015189666664,-0.00666135549545,-0.00834602117538,-0.00470495223999,0.00666135549545,0.00834602117538,0.00183568154387729,0.0228071212769,0.3333333333333333,1,3,0,662.7911173503334,662.846313477,662.7911173503334,662.846313477,33.4159787496,33.5219688416,0.018498409229033334,0.0185909869615,0.018498409229033334,0.0185909869615,0.005664683335150001,0.00569519790588,0.5204734827083334,0.530182786286,2.17982710637e-06,2.17982710637e-06,3.5422190762833333e-06,4.63213262947e-06,0.005,0,0,0,1,1,662.846313477,0.0185909869615
Qwen/Qwen2.5-0.5B,0.5,tatsu-lab/alpaca,base_model.model.model.layers.4.post_attention_layernorm,layers.4.post_attention_layernorm,norm,Qwen2RMSNorm,post_attention_layernorm,4.0,24,0.173913043478,fake_int8_output,"42,43,44",3,2.18266287446,2.18362917503,0.00096630056699,-0.00335463881493,0.00354048609734,0.0032027264436100002,0.00354048609734,0.0004341299600145346,0.0219759941101,1.0,3,3,1,662.8982137043333,662.988037109,662.8982137043333,662.988037109,41.679036458333336,41.9798469543,0.018555523827666665,0.0187044516206,0.018555523827666665,0.0187044516206,0.008653457897403334,0.00869477039669,0.8607551728686667,0.872420363128,2.17982710637e-06,2.17982710637e-06,2.17982710637e-06,2.17982710637e-06,0.005,1,1,0,0,0,662.988037109,0.0187044516206
Qwen/Qwen2.5-7B,7.0,tatsu-lab/alpaca,base_model.model.lm_head,base_model.model.lm_head,logits,Linear,lm_head,,28,,fake_int8_output,"42,43,44",3,1.77951806784,1.7864984373266666,0.006980369488396666,0.00443533062935,0.0116916000843,0.006980369488396666,0.0116916000843,0.0040844401796733005,0.0180222988129,0.6666666666666666,2,3,0,44.587113698299994,47.4081573486,44.587113698299994,47.4081573486,8.591280460356666,9.84181404114,0.00792563147843,0.00864329375327,0.00792563147843,0.00864329375327,0.00028446234864533334,0.000337279667292,0.09371845982973333,0.111068185419,1.0853259482233333e-06,1.25229917103e-06,1.9201920622433336e-06,2.25413850785e-06,0.005,0,1,0,1,1,47.4081573486,0.00864329375327
Qwen/Qwen2.5-7B,7.0,tatsu-lab/alpaca,base_model.model.model.layers.2.mlp.down_proj,layers.2.mlp.down_proj,mlp_projection,Linear,down_proj,2.0,28,0.0740740740741,fake_int8_output,"42,43,44",3,1.77951806784,1.7741375366866665,-0.00538053115209,-0.00757718086243,-0.00376433134079,0.00538053115209,0.00757718086243,0.001971584878375581,0.021516084671,0.6666666666666666,2,3,0,502.23510742166667,586.9375,502.23510742166667,586.9375,67.53771718343334,68.4344482422,0.07330276879173334,0.079185272567,0.07330276879173334,0.079185272567,0.0211463139082,0.0221907319501,0.467650751273,0.482750028372,1.08991355319e-06,1.08991355319e-06,3.2697407732499994e-06,3.26974077325e-06,0.005,0,1,0,1,1,586.9375,0.079185272567
Qwen/Qwen2.5-7B,7.0,tatsu-lab/alpaca,base_model.model.model.layers.2.self_attn.o_proj,layers.2.self_attn.o_proj,attention_projection,Linear,o_proj,2.0,28,0.0740740740741,fake_int8_output,"42,43,44",3,1.77951806784,1.7762515147533333,-0.0032665530840699994,-0.0110846459866,0.00551819801331,0.00694535175961,0.0110846459866,0.0036418560172093747,0.0155463218689,0.3333333333333333,1,3,0,165.029953003,171.86907959,30.591431935633334,31.6190376282,165.029953003,171.86907959,0.11927478450033334,0.123013788834,0.004129060330646667,0.00463147257688,0.11927478450033334,0.123013788834,0.7872514128686667,0.845740094781,1.08991355319e-06,1.08991355319e-06,1.08991355319e-06,1.08991355319e-06,0.005,0,0,0,1,1,171.86907959,0.123013788834
Qwen/Qwen2.5-7B,7.0,tatsu-lab/alpaca,base_model.model.model.layers.24.mlp.down_proj,layers.24.mlp.down_proj,mlp_projection,Linear,down_proj,24.0,28,0.888888888889,fake_int8_output,"42,43,44",3,1.77951806784,1.7856051822533334,0.00608711441357,-0.00153276324272,0.0117001533508,0.0071089565753833335,0.0117001533508,0.00515476663543672,0.0231982469559,0.3333333333333333,1,3,0,123.78274281799999,129.940765381,114.1003621419,129.940765381,121.40421803766667,122.80519104,0.0636017145589,0.0654406892136,0.0406204732911,0.056488708593,0.0636017145589,0.0654406892136,0.6908979564903334,0.743293479085,1.08991355319e-06,1.08991355319e-06,1.08991355319e-06,1.08991355319e-06,0.005,0,0,0,1,1,129.940765381,0.0654406892136
Qwen/Qwen2.5-7B,7.0,tatsu-lab/alpaca,base_model.model.model.layers.26.mlp.gate_proj,layers.26.mlp.gate_proj,mlp_projection,Linear,gate_proj,26.0,28,0.962962962963,fake_int8_output,"42,43,44",3,1.77951806784,1.7781128982733332,-0.0014051695664736668,-0.00337037444115,-0.000122278928757,0.0014051695664736668,0.00337037444115,0.0017282059058096276,0.00888204574585,1.0,3,3,1,98.1740315755,99.9565505981,98.1740315755,99.9565505981,20.3040129344,21.7159404755,0.04433756663150001,0.0466424692422,0.04433756663150001,0.0466424692422,0.0017204321047766668,0.00196986019728,0.5565332770346666,0.607030585408,1.0309991012e-06,1.0309991012e-06,2.4056645694766667e-06,2.57749775301e-06,0.005,1,1,0,0,0,99.9565505981,0.0466424692422
Qwen/Qwen2.5-7B,7.0,tatsu-lab/alpaca,base_model.model.model.layers.26.mlp.up_proj,layers.26.mlp.up_proj,mlp_projection,Linear,up_proj,26.0,28,0.962962962963,fake_int8_output,"42,43,44",3,1.77951806784,1.78147720297,0.0019591351350159996,-0.000433266162872,0.00440987944603,0.0022479792435973335,0.00440987944603,0.0020109121000324026,0.0154316425323,1.0,3,3,1,98.1740315755,99.9565505981,98.1740315755,99.9565505981,16.720041275,17.1712913513,0.04433756663150001,0.0466424692422,0.04433756663150001,0.0466424692422,0.00113227770877,0.00122810275934,0.32888932650266667,0.350588135421,1.1169156929666666e-06,1.2887488765e-06,1.8901650188733334e-06,2.57749775301e-06,0.005,1,1,0,0,0,99.9565505981,0.0466424692422
Qwen/Qwen2.5-7B,7.0,tatsu-lab/alpaca,base_model.model.model.layers.26.self_attn.o_proj,layers.26.self_attn.o_proj,attention_projection,Linear,o_proj,26.0,28,0.962962962963,fake_int8_output,"42,43,44",3,1.77951806784,1.7806100944666667,0.0010920266310366666,-0.00366768240929,0.00462621450424,0.00353714823723,0.00462621450424,0.0011598555373395047,0.0122632980347,1.0,3,3,1,62.748462677,67.4627304077,16.8839152654,17.567029953,62.748462677,67.4627304077,0.014842643712933333,0.0163215899374,0.0010435902416543333,0.0011375342292,0.014842643712933333,0.0163215899374,0.554115958512,0.581543400884,1.18073968262e-06,1.36239194148e-06,2.7247839208633335e-06,3.81469746458e-06,0.005,1,1,0,0,0,67.4627304077,0.0163215899374
Qwen/Qwen2.5-7B,7.0,tatsu-lab/alpaca,base_model.model.model.layers.26.self_attn.q_proj,layers.26.self_attn.q_proj,attention_projection,Linear,q_proj,26.0,28,0.962962962963,fake_int8_output,"42,43,44",3,1.77951806784,1.78030555447,0.0007874866326649999,-0.0032154917717,0.00622218847275,0.003360639015835,0.00622218847275,0.0027918071207057443,0.0103607177734,0.6666666666666666,2,3,0,20.119837443066668,20.1865539551,20.119837443066668,20.1865539551,11.337793032299999,11.5107479095,0.0019114546012133334,0.00194268362247,0.0019114546012133334,0.00194268362247,0.00059874055781,0.000627745932434,0.16808829332433337,0.176089599729,1.3623919414833333e-06,1.63487032978e-06,1.2443179722763333e-05,2.67028818826e-05,0.005,0,1,0,1,1,20.1865539551,0.00194268362247
Qwen/Qwen2.5-7B,7.0,tatsu-lab/alpaca,base_model.model.model.layers.27.mlp.gate_proj,layers.27.mlp.gate_proj,mlp_projection,Linear,gate_proj,27.0,28,1.0,fake_int8_output,"42,43,44",3,1.77951806784,1.7814081609266665,0.0018900930881486668,-0.000381737947464,0.00339165329933,0.0021445850531246666,0.00339165329933,0.0015698466422696964,0.0112694501877,1.0,3,3,1,36.48943583173334,37.1385650635,36.48943583173334,37.1385650635,15.355199178066668,16.7001628876,0.006078451406213333,0.00631995883305,0.006078451406213333,0.00631995883305,0.001083897664408,0.00128407229204,0.40689781059799995,0.475766070187,1.1169156929666666e-06,1.2887488765e-06,4.381746255906666e-06,8.5057428123e-06,0.005,1,1,0,0,0,37.1385650635,0.00631995883305
Qwen/Qwen2.5-7B,7.0,tatsu-lab/alpaca,base_model.model.model.layers.27.mlp.up_proj,layers.27.mlp.up_proj,mlp_projection,Linear,up_proj,27.0,28,1.0,fake_int8_output,"42,43,44",3,1.77951806784,1.7806222836166665,0.001104215780893,-0.00216901302338,0.00513631105423,0.0025502244631463336,0.00513631105423,0.002418123285865311,0.0179969072342,0.6666666666666666,2,3,0,36.48943583173334,37.1385650635,36.48943583173334,37.1385650635,17.716078440333334,18.3946743011,0.006078451406213333,0.00631995883305,0.006078451406213333,0.00631995883305,0.00135805447159,0.00143064750591,0.29734279960366666,0.312825784087,1.0309991012e-06,1.0309991012e-06,1.2028322847366666e-06,1.54649865181e-06,0.005,0,1,0,1,1,37.1385650635,0.00631995883305
Qwen/Qwen2.5-7B,7.0,tatsu-lab/alpaca,base_model.model.model.layers.3.mlp.down_proj,layers.3.mlp.down_proj,mlp_projection,Linear,down_proj,3.0,28,0.111111111111,fake_int8_output,"42,43,44",3,1.77951806784,1.8258831699666667,0.046365102132166665,0.0265026092529,0.0605845451355,0.046365102132166665,0.0605845451355,0.017727876277296096,0.110239744186,0.0,0,3,0,756.2717081706666,756.275695801,461.8590901696666,462.358612061,756.2717081706666,756.275695801,0.013553514300533332,0.0143763392698,0.013553514300533332,0.0143763392698,0.00162595277652,0.00164076103829,0.022903380139433337,0.0229178713635,1.08991355319e-06,1.08991355319e-06,1.08991355319e-06,1.08991355319e-06,0.005,0,0,1,1,1,756.275695801,0.0143763392698
Qwen/Qwen2.5-7B,7.0,tatsu-lab/alpaca,base_model.model.model.layers.4.input_layernorm,layers.4.input_layernorm,norm,Qwen2RMSNorm,input_layernorm,4.0,28,0.148148148148,fake_int8_output,"42,43,44",3,1.77951806784,1.7760669787733334,-0.003451089064281,-0.00694087147713,0.000674217939377,0.0039005676905323333,0.00694087147713,0.0031374665681492436,0.0239586830139,0.6666666666666666,2,3,0,756.0162963866666,756.019836426,756.0162963866666,756.019836426,32.45616849263333,37.641872406,0.0043951488914900005,0.00504725414794,0.0023875447417,0.00239134056028,0.0043951488914900005,0.00504725414794,0.2768305440746667,0.282935470343,1.18073968262e-06,1.36239194148e-06,2.54313164305e-06,3.26974065956e-06,0.005,0,1,0,1,1,756.019836426,0.00504725414794
Qwen/Qwen2.5-7B,7.0,tatsu-lab/alpaca,base_model.model.model.layers.4.post_attention_layernorm,layers.4.post_attention_layernorm,norm,Qwen2RMSNorm,post_attention_layernorm,4.0,28,0.148148148148,fake_int8_output,"42,43,44",3,1.77951806784,2.0211536884299997,0.241635620594,0.180922955275,0.272918015718,0.241635620594,0.272918015718,0.05258686517839635,0.407048225403,0.0,0,3,0,755.9972127280001,755.99987793,755.9972127280001,755.99987793,47.074385325099996,47.5045661926,0.0107891180863,0.0109327449463,0.00246235920349,0.00247049552854,0.0107891180863,0.0109327449463,0.150054258605,0.152863260359,1.08991355319e-06,1.08991355319e-06,1.08991355319e-06,1.08991355319e-06,0.005,0,0,1,1,1,755.99987793,0.0109327449463
Qwen/Qwen2.5-7B,7.0,tatsu-lab/alpaca,base_model.model.model.norm,norm,norm,Qwen2RMSNorm,norm,,28,,fake_int8_output,"42,43,44",3,1.77951806784,1.7851833204433334,0.005665252606064666,-0.000148981809616,0.0144056677818,0.005764573812475333,0.0144056677818,0.007594637604203456,0.0468598604202,0.6666666666666666,2,3,0,75.26493835449999,83.3938598633,75.26493835449999,83.3938598633,44.587113698299994,47.4081573486,0.020115862755733332,0.0215206230059,0.020115862755733332,0.0215206230059,0.00792563147843,0.00864329375327,0.2559644604723333,0.266338400543,1.18073968262e-06,1.36239194148e-06,4.813784822016667e-06,5.99452451411e-06,0.005,0,1,0,1,1,83.3938598633,0.0215206230059
meta-llama/Llama-3.1-8B,8.0,tatsu-lab/alpaca,base_model.model.lm_head,base_model.model.lm_head,logits,Linear,lm_head,,32,,fake_int8_output,"42,43,44",3,2.47704253594,2.4779477914166663,0.0009052554766330002,-0.00534337759018,0.00828444957733,0.004617710908253667,0.00828444957733,0.004078283301100754,0.0161561965942,0.3333333333333333,1,3,0,21.6633447011,24.8197803497,21.6633447011,24.8197803497,11.00138632457,15.3734483719,0.0019115093261166665,0.00211823999416,0.0019115093261166665,0.00211823999416,0.0004227025177289999,0.000578539154958,0.138876133909,0.189742000774,1.0888253143533334e-06,1.25633690118e-06,3.01520858178e-06,4.52281290109e-06,0.005,0,0,0,1,1,24.8197803497,0.00211823999416
meta-llama/Llama-3.1-8B,8.0,tatsu-lab/alpaca,base_model.model.model.layers.2.mlp.down_proj,layers.2.mlp.down_proj,mlp_projection,Linear,down_proj,2.0,32,0.0645161290323,fake_int8_output,"42,43,44",3,2.47704253594,2.4764770766099997,-0.0005654593308757668,-0.0056254863739,0.00391721725464,0.0031848649183909,0.0056254863739,0.0028775628330833442,0.0196404457092,0.6666666666666666,2,3,0,118.42028045633333,122.376045227,118.42028045633333,122.376045227,11.415806134533334,12.9753484726,0.03331535775213334,0.0348146620672,0.03331535775213334,0.0348146620672,0.000490627625065,0.000573313540372,0.15992648961633335,0.187331933528,1.4305107924899997e-06,1.43051079249e-06,4.64916013243e-06,8.22543717049e-06,0.005,0,1,0,1,1,122.376045227,0.0348146620672
meta-llama/Llama-3.1-8B,8.0,tatsu-lab/alpaca,base_model.model.model.layers.2.self_attn.o_proj,layers.2.self_attn.o_proj,attention_projection,Linear,o_proj,2.0,32,0.0645161290323,fake_int8_output,"42,43,44",3,2.47704253594,2.475792070226667,-0.0012504657109566669,-0.0040619969368,0.00249317288399,0.0029125809669500002,0.0040619969368,0.0010074650680594345,0.0224139690399,1.0,3,3,1,70.24301401773333,77.312538147,65.7737159729,77.312538147,65.14215342203333,67.5800552368,0.017809683457,0.0198319526389,0.01420917800472,0.0185158175882,0.017648620608566666,0.0198319526389,0.5899018694953333,0.612391620874,1.5497200251966665e-06,1.78813849061e-06,3.5762770191166666e-06,3.93390473619e-06,0.005,1,1,0,0,0,77.312538147,0.0198319526389
meta-llama/Llama-3.1-8B,8.0,tatsu-lab/alpaca,base_model.model.model.layers.28.mlp.down_proj,layers.28.mlp.down_proj,mlp_projection,Linear,down_proj,28.0,32,0.903225806452,fake_int8_output,"42,43,44",3,2.47704253594,2.47827962041,0.0012370844682033331,-0.00020956993103,0.00249549746513,0.0013767977555566666,0.00249549746513,0.0011437361611161987,0.00607109069824,1.0,3,3,1,132.4390996297,182.958572388,132.4390996297,182.958572388,22.1601219177,24.0931110382,0.03195475402753333,0.049912589835,0.03195475402753333,0.049912589835,0.0016861772940766665,0.0017990997876,0.4906321763993333,0.527910031378,1.4305107924899997e-06,1.43051079249e-06,1.5497200251966665e-06,1.78813849061e-06,0.005,1,1,0,0,0,182.958572388,0.049912589835
meta-llama/Llama-3.1-8B,8.0,tatsu-lab/alpaca,base_model.model.model.layers.3.mlp.down_proj,layers.3.mlp.down_proj,mlp_projection,Linear,down_proj,3.0,32,0.0967741935484,fake_int8_output,"42,43,44",3,2.47704253594,2.4772304892499997,0.00018795331319300003,-0.000966846942902,0.00106200575829,0.0008325179417943334,0.00106200575829,0.00031864683838816717,0.0074450969696,1.0,3,3,1,83.30285898846667,97.9583282471,83.30285898846667,97.9583282471,19.762359619133335,21.5120239258,0.016056620418866668,0.0219694734551,0.016056620418866668,0.0219694734551,0.0011161702980953335,0.00135487129592,0.33558664160499996,0.411813259125,1.4305107924899997e-06,1.43051079249e-06,5.36441535814e-06,1.25169690932e-05,0.005,1,1,0,0,0,97.9583282471,0.0219694734551
meta-llama/Llama-3.1-8B,8.0,tatsu-lab/alpaca,base_model.model.model.layers.30.mlp.gate_proj,layers.30.mlp.gate_proj,mlp_projection,Linear,gate_proj,30.0,32,0.967741935484,fake_int8_output,"42,43,44",3,2.47704253594,2.4783148368199996,0.0012723008791606667,-0.00131791830063,0.00457885861397,0.0021509130795806667,0.00457885861397,0.0021368981880279824,0.0173783302307,1.0,3,3,1,33.28408813476667,33.4067878723,27.251792907699997,27.4448871613,33.28408813476667,33.4067878723,0.005517239255523333,0.0055565496441,0.0037741010892233333,0.00381824898068,0.005517239255523333,0.0055565496441,0.7268162071706668,0.737190529704,1.08991355319e-06,1.08991355319e-06,1.08991355319e-06,1.08991355319e-06,0.005,1,1,0,0,0,33.4067878723,0.0055565496441
meta-llama/Llama-3.1-8B,8.0,tatsu-lab/alpaca,base_model.model.model.layers.30.mlp.up_proj,layers.30.mlp.up_proj,mlp_projection,Linear,up_proj,30.0,32,0.967741935484,fake_int8_output,"42,43,44",3,2.47704253594,2.479472289483333,0.0024297535419466666,0.00038743019104,0.00420331954956,0.0024297535419466666,0.00420331954956,0.001922088910872,0.0136594772339,1.0,3,3,1,27.251792907699997,27.4448871613,27.251792907699997,27.4448871613,21.7354857127,22.5483932495,0.0037741010892233333,0.00381824898068,0.0037741010892233333,0.00381824898068,0.002006611030083333,0.0020237659046,0.5497064267596666,0.552997201681,1.08991355319e-06,1.08991355319e-06,4.08717576761e-06,5.17708923553e-06,0.005,1,1,0,0,0,27.4448871613,0.00381824898068
meta-llama/Llama-3.1-8B,8.0,tatsu-lab/alpaca,base_model.model.model.layers.30.self_attn.o_proj,layers.30.self_attn.o_proj,attention_projection,Linear,o_proj,30.0,32,0.967741935484,fake_int8_output,"42,43,44",3,2.47704253594,2.47683927417,-0.0002032617727936666,-0.00173416733742,0.00152868032455,0.0012223819891603333,0.00173416733742,0.0007158923894025594,0.00622868537903,1.0,3,3,1,131.10169219966667,142.097732544,31.94831530253333,32.7803993225,131.10169219966667,142.097732544,0.07247418165206666,0.077957585454,0.004298103158366667,0.00453017483233,0.07247418165206666,0.077957585454,0.690683692694,0.693273201585,1.5497200251966665e-06,1.78813849061e-06,2.5033939436966666e-06,2.86102169866e-06,0.005,1,1,0,0,0,142.097732544,0.077957585454
meta-llama/Llama-3.1-8B,8.0,tatsu-lab/alpaca,base_model.model.model.layers.30.self_attn.q_proj,layers.30.self_attn.q_proj,attention_projection,Linear,q_proj,30.0,32,0.967741935484,fake_int8_output,"42,43,44",3,2.47704253594,2.4762780268999998,-0.0007645090421046667,-0.00186598300934,-0.000119000673294,0.0007645090421046667,0.00186598300934,0.0009586006941496852,0.00581097602844,1.0,3,3,1,17.698391596466667,18.6727638245,17.698391596466667,18.6727638245,13.863126754766668,14.1222229004,0.0013801403692933333,0.00141265566344,0.0013801403692933333,0.00141265566344,0.0009633590185936666,0.000980769735179,0.27387885997666667,0.278744742274,1.6689292579033333e-06,1.78813849061e-06,1.2516969301656667e-05,1.43051079249e-05,0.005,1,1,0,0,0,18.6727638245,0.00141265566344
meta-llama/Llama-3.1-8B,8.0,tatsu-lab/alpaca,base_model.model.model.layers.31.mlp.gate_proj,layers.31.mlp.gate_proj,mlp_projection,Linear,gate_proj,31.0,32,1.0,fake_int8_output,"42,43,44",3,2.47704253594,2.48083811005,0.003795574108757667,-0.000611066818237,0.00929999351501,0.004202951987582333,0.00929999351501,0.004535800208582868,0.0178651809692,0.6666666666666666,2,3,0,34.500764210999996,34.5768203735,34.500764210999996,34.5768203735,21.731134414666666,22.6471309662,0.006025704943266666,0.00609026348684,0.006025704943266666,0.00609026348684,0.0019438573702566667,0.00206479948247,0.4030310486753333,0.421083912253,1.08991355319e-06,1.08991355319e-06,2.99726226179e-06,4.6321325442e-06,0.005,0,1,0,1,1,34.5768203735,0.00609026348684
meta-llama/Llama-3.1-8B,8.0,tatsu-lab/alpaca,base_model.model.model.layers.31.mlp.up_proj,layers.31.mlp.up_proj,mlp_projection,Linear,up_proj,31.0,32,1.0,fake_int8_output,"42,43,44",3,2.47704253594,2.4830568134799997,0.006014277537660001,0.00018709897995,0.0123337805271,0.006014277537660001,0.0123337805271,0.0060882884016386155,0.0276899337769,0.3333333333333333,1,3,0,34.500764210999996,34.5768203735,34.500764210999996,34.5768203735,24.423475901266666,24.7618808746,0.006025704943266666,0.00609026348684,0.006025704943266666,0.00609026348684,0.0028016405994999998,0.00285892694956,0.5161037594079999,0.523100599647,1.08991355319e-06,1.08991355319e-06,1.08991355319e-06,1.08991355319e-06,0.005,0,0,0,1,1,34.5768203735,0.00609026348684
meta-llama/Llama-3.1-8B,8.0,tatsu-lab/alpaca,base_model.model.model.layers.4.input_layernorm,layers.4.input_layernorm,norm,LlamaRMSNorm,input_layernorm,4.0,32,0.129032258065,fake_int8_output,"42,43,44",3,2.47704253594,2.474264562126667,-0.0027779738108333336,-0.0063608288765,0.00104606151581,0.003475348154706667,0.0063608288765,0.002686591298563365,0.0112047195435,0.6666666666666666,2,3,0,808.9795532226666,809.664672852,808.9795532226666,809.664672852,18.581020991,18.6653327942,0.049344191017233335,0.0504923481494,0.049344191017233335,0.0504923481494,0.0014529840458033334,0.00153288742877,0.36569538464133333,0.378821782768,1.4305107924899997e-06,1.43051079249e-06,2.0265569939233336e-06,3.21864939679e-06,0.005,0,1,0,1,1,809.664672852,0.0504923481494
meta-llama/Llama-3.1-8B,8.0,tatsu-lab/alpaca,base_model.model.model.layers.4.post_attention_layernorm,layers.4.post_attention_layernorm,norm,LlamaRMSNorm,post_attention_layernorm,4.0,32,0.129032258065,fake_int8_output,"42,43,44",3,2.47704253594,2.47636379798,-0.0006787379582726668,-0.00392878055573,0.00288283824921,0.002600630124412667,0.00392878055573,0.0014894427939940763,0.0166449546814,1.0,3,3,1,807.7736002606667,808.228759766,807.7736002606667,808.228759766,31.667339960733333,31.9896354675,0.0509819469104,0.0521942172199,0.0509819469104,0.0521942172199,0.00502904911991,0.00504582421854,0.8549885302779999,0.856475025415,1.4305107924899997e-06,1.43051079249e-06,1.4305107924899997e-06,1.43051079249e-06,0.005,1,1,0,0,0,808.228759766,0.0521942172199
meta-llama/Llama-3.1-8B,8.0,tatsu-lab/alpaca,base_model.model.model.norm,norm,norm,LlamaRMSNorm,norm,,32,,fake_int8_output,"42,43,44",3,2.47704253594,2.4767325818533332,-0.0003099540869403334,-0.00792589783669,0.00759029388428,0.0053701500097936665,0.00792589783669,0.004139446057230383,0.01922082901,0.3333333333333333,1,3,0,79.57143783570001,130.460144043,79.57143783570001,130.460144043,21.6633447011,24.8197803497,0.015516029942483333,0.0278336486081,0.015516029942483333,0.0278336486081,0.0019115093261166665,0.00211823999416,0.5232988099256667,0.549732647836,1.4305107924899997e-06,1.43051079249e-06,2.8610216607666665e-06,4.29153260484e-06,0.005,0,0,0,1,1,130.460144043,0.0278336486081
